{
  "items": [{
    "land-see-category": [
      {
        "image": [
          {
            "classes": "cover",
            "alt-text": "Creating with clay.",
            "width": 409, "height": 370, "layout": "responsive",
            "src": "../../img/land-see/content/kaneko-resize-medium.jpg"
          }
        ],
        "post-classes": "land-see-pre-animate land-see-post-item land-see-post-item-wide land-see-post-featured col land-see-hide-widescreen land-see-story",
        "post-url": "kim-myeong.amp.html",
        "post-category": "Arts & Culture",
        "post-category-url": "stories.amp.html?category=arts-culture#land-see-arts-culture",
        "post-title": "The New Exhibit of Jun Kaneko",
        "post-copy": "Out of three warehouses, Jun Kaneko's dream of an interdisciplinary cultural organization came to life. KANEKO focuses on exploring the act of creating."
      },
      {
        "image": [
          {
            "classes": "cover",
            "alt-text": "Fall colors.",
            "width": 409, "height": 305, "layout": "responsive",
            "src": "../../img/land-see/content/fall-festivals-resize-medium.jpg"
          }
        ],
        "post-classes": "land-see-pre-animate land-see-post-item land-see-post-item-wide land-see-post-featured col land-see-hide-widescreen land-see-story",
        "post-url": "kim-myeong.amp.html",
        "post-category": "Arts & Culture",
        "post-category-url": "stories.amp.html?category=arts-culture#land-see-arts-culture",
        "post-title": "Fall Festivals Around the U.S.",
        "post-copy": "For those of us sad to see the summer leave, autumn has some surprising delights with its creative festivals from one end of the U.S. to the other."
      },
      {
        "image": [
          {
            "classes": "cover",
            "alt-text": "Popular producer.",
            "width": 409, "height": 305, "layout": "responsive",
            "src": "../../img/land-see/content/shoe-designer-2-resize-medium.jpg"
          }
        ],
        "post-classes": "land-see-pre-animate land-see-post-item land-see-post-item-wide land-see-post-featured col land-see-hide-widescreen land-see-story",
        "post-url": "kim-myeong.amp.html",
        "post-category": "Arts & Culture",
        "post-category-url": "stories.amp.html?category=arts-culture#land-see-arts-culture",
        "post-title": "The Artist Behind Your Favorite Songs",
        "post-copy": "This Los Angeles based producer is the creative genius behind many Top-40 songs."
      }
    ]
  },
  {
    "land-see-category": [{"post-classes": "hide"}],
    "land-see-paging": {
      "classes": "land-see-hide-widescreen",
      "page-nav": [{
        "classes": "land-see-prev-page mt2 ml2 relative left",
        "button-text": "Previous",
        "action": "tap:AMP.pushState({height: 1535, mobile_height: 2770, src: './api/all-stories-page-2.json', selectedCategory: 'all', selectedContainerClass: 'land-see-categories-nav center mb2 mx1 fit relative'})"
      }]
    }
  }]
}
